id,europe,lookiero,uk,"""order""",visual_order
14508c05-75db-4e21-a298-bd2571b7cfff,"{""size"": ""UNQ"", ""format"": ""UNQ""}","{""size"": ""UNQ"", ""format"": ""UNQ""}","{""size"": ""UNQ"", ""format"": ""UNQ""}",0,0
2253af04-81e1-4a91-a834-9b99c5a641f2,"{""size"": ""32"", ""format"": ""32""}","{""size"": ""XXS"", ""format"": ""XXS""}","{""size"": ""4"", ""format"": ""4""}",5,1
1d2d6b5b-856d-43e4-895f-6627fe2585dd,"{""size"": ""4"", ""format"": ""32-28"", ""length"": ""28""}","{""size"": ""XXS"", ""format"": ""XXS-28"", ""length"": ""28""}","{""size"": ""4"", ""format"": ""4-28"", ""length"": ""28""}",2,2
649a0747-6e83-4595-b8e7-87ecd2f064e9,"{""size"": ""4"", ""format"": ""32-30"", ""length"": ""30""}","{""size"": ""XXS"", ""format"": ""XXS-30"", ""length"": ""30""}","{""size"": ""4"", ""format"": ""4-30"", ""length"": ""30""}",7,3
a2ba0306-31e0-436a-aaba-d4b8efd5ea59,"{""size"": ""4"", ""format"": ""32-32"", ""length"": ""32""}","{""size"": ""XXS"", ""format"": ""XXS-32"", ""length"": ""32""}","{""size"": ""4"", ""format"": ""4-32"", ""length"": ""32""}",16,4
10e8810e-8767-4a79-ae4d-59203cf88cbb,"{""size"": ""4"", ""format"": ""32-34"", ""length"": ""34""}","{""size"": ""XXS"", ""format"": ""XXS-34"", ""length"": ""34""}","{""size"": ""4"", ""format"": ""4-34"", ""length"": ""34""}",28,5
4b35a2af-df87-480f-a4a7-2c57f16fbdf3,"{""size"": ""34"", ""format"": ""34""}","{""size"": ""XS"", ""format"": ""XS""}","{""size"": ""6"", ""format"": ""6""}",12,6
68cb0374-e3b0-44ae-b59a-a47557b10105,"{""size"": ""6"", ""format"": ""34-28"", ""length"": ""28""}","{""size"": ""XS"", ""format"": ""XS-28"", ""length"": ""28""}","{""size"": ""6"", ""format"": ""6-28"", ""length"": ""28""}",9,7
48524d59-d5ee-4c56-953e-e2fa2772fdd6,"{""size"": ""6"", ""format"": ""34-30"", ""length"": ""30""}","{""size"": ""XS"", ""format"": ""XS-30"", ""length"": ""30""}","{""size"": ""6"", ""format"": ""6-30"", ""length"": ""30""}",11,8
afdbb298-4260-4a55-8183-134247bd5a7d,"{""size"": ""6"", ""format"": ""34-32"", ""length"": ""32""}","{""size"": ""XS"", ""format"": ""XS-32"", ""length"": ""32""}","{""size"": ""6"", ""format"": ""6-32"", ""length"": ""32""}",20,9
ee65de5a-4af1-4cbd-b9fd-6e8e8368a72e,"{""size"": ""6"", ""format"": ""34-34"", ""length"": ""34""}","{""size"": ""XS"", ""format"": ""XS-34"", ""length"": ""34""}","{""size"": ""6"", ""format"": ""6-34"", ""length"": ""34""}",32,10
0190622f-f028-42a8-b50e-ce310e8a9700,"{""size"": ""36"", ""format"": ""36""}","{""size"": ""S"", ""format"": ""S""}","{""size"": ""8"", ""format"": ""8""}",24,11
043a2f16-3d43-479d-b0d5-cd1bd4a27af6,"{""size"": ""8"", ""format"": ""36-28"", ""length"": ""28""}","{""size"": ""S"", ""format"": ""S-28"", ""length"": ""28""}","{""size"": ""8"", ""format"": ""8-28"", ""length"": ""28""}",17,12
56a9a7b0-72fe-447b-8894-c14e32efe7cd,"{""size"": ""8"", ""format"": ""36-30"", ""length"": ""30""}","{""size"": ""S"", ""format"": ""S-30"", ""length"": ""30""}","{""size"": ""8"", ""format"": ""8-30"", ""length"": ""30""}",21,13
360df691-b199-4ae2-b877-3bf8bc15b767,"{""size"": ""8"", ""format"": ""36-32"", ""length"": ""32""}","{""size"": ""S"", ""format"": ""S-32"", ""length"": ""32""}","{""size"": ""8"", ""format"": ""8-32"", ""length"": ""32""}",23,14
fe037f0c-cb7f-4520-85b9-cd5f1fbf66f3,"{""size"": ""8"", ""format"": ""36-34"", ""length"": ""34""}","{""size"": ""S"", ""format"": ""S-34"", ""length"": ""34""}","{""size"": ""8"", ""format"": ""8-34"", ""length"": ""34""}",36,15
77df887d-f7da-42bd-9ebf-a5a2ca57974f,"{""size"": ""38"", ""format"": ""38""}","{""size"": ""M"", ""format"": ""M""}","{""size"": ""10"", ""format"": ""10""}",38,16
8eceb493-7552-4481-af7b-28545a4167aa,"{""size"": ""10"", ""format"": ""38-28"", ""length"": ""28""}","{""size"": ""M"", ""format"": ""M-28"", ""length"": ""28""}","{""size"": ""10"", ""format"": ""10-28"", ""length"": ""28""}",29,17
ce28dd0b-957f-45be-8163-27cce528ddfc,"{""size"": ""10"", ""format"": ""38-30"", ""length"": ""30""}","{""size"": ""M"", ""format"": ""M-30"", ""length"": ""30""}","{""size"": ""10"", ""format"": ""10-30"", ""length"": ""30""}",33,18
180cc692-43db-4cff-a713-9f9acc57d04a,"{""size"": ""10"", ""format"": ""38-32"", ""length"": ""32""}","{""size"": ""M"", ""format"": ""M-32"", ""length"": ""32""}","{""size"": ""10"", ""format"": ""10-32"", ""length"": ""32""}",37,19
46c0f6a5-3ea7-48b1-9d88-4c20934cd7ac,"{""size"": ""10"", ""format"": ""38-34"", ""length"": ""34""}","{""size"": ""M"", ""format"": ""M-34"", ""length"": ""34""}","{""size"": ""10"", ""format"": ""10-34"", ""length"": ""34""}",46,20
cbbdcb38-00c1-4ec2-a76b-cdf948cc81ce,"{""size"": ""40"", ""format"": ""40""}","{""size"": ""L"", ""format"": ""L""}","{""size"": ""12"", ""format"": ""12""}",51,21
969fb707-1cc4-4042-9ffe-c6caf77bd3c4,"{""size"": ""12"", ""format"": ""40-28"", ""length"": ""28""}","{""size"": ""L"", ""format"": ""L-28"", ""length"": ""28""}","{""size"": ""12"", ""format"": ""12-28"", ""length"": ""28""}",42,22
2cce987c-98da-4290-8c05-3d3c206f2338,"{""size"": ""12"", ""format"": ""40-30"", ""length"": ""30""}","{""size"": ""L"", ""format"": ""L-30"", ""length"": ""30""}","{""size"": ""12"", ""format"": ""12-30"", ""length"": ""30""}",44,23
dc7ddca5-527b-4c2f-93ed-7244c3c994a1,"{""size"": ""12"", ""format"": ""40-32"", ""length"": ""32""}","{""size"": ""L"", ""format"": ""L-32"", ""length"": ""32""}","{""size"": ""12"", ""format"": ""12-32"", ""length"": ""32""}",48,24
547023ac-5cc3-48d2-bc6e-11f2a3e72d31,"{""size"": ""12"", ""format"": ""40-34"", ""length"": ""34""}","{""size"": ""L"", ""format"": ""L-34"", ""length"": ""34""}","{""size"": ""12"", ""format"": ""12-34"", ""length"": ""34""}",53,25
a1b735a2-d6e2-4bc8-8502-ccab18802622,"{""size"": ""42"", ""format"": ""42""}","{""size"": ""XL"", ""format"": ""XL""}","{""size"": ""14"", ""format"": ""14""}",69,26
13bef24e-0ec4-48cd-b1ef-2c48fb9d188f,"{""size"": ""14"", ""format"": ""42-28"", ""length"": ""28""}","{""size"": ""XL"", ""format"": ""XL-28"", ""length"": ""28""}","{""size"": ""14"", ""format"": ""14-28"", ""length"": ""28""}",54,27
951f2af0-d44e-4685-bf64-196a8b633e0f,"{""size"": ""14"", ""format"": ""42-30"", ""length"": ""30""}","{""size"": ""XL"", ""format"": ""XL-30"", ""length"": ""30""}","{""size"": ""14"", ""format"": ""14-30"", ""length"": ""30""}",59,28
91c06d99-d052-4889-846b-69844968da0c,"{""size"": ""14"", ""format"": ""42-32"", ""length"": ""32""}","{""size"": ""XL"", ""format"": ""XL-32"", ""length"": ""32""}","{""size"": ""14"", ""format"": ""14-32"", ""length"": ""32""}",62,29
3ddced33-848b-4c60-abc7-7bd3e1419933,"{""size"": ""14"", ""format"": ""42-34"", ""length"": ""34""}","{""size"": ""XL"", ""format"": ""XL-34"", ""length"": ""34""}","{""size"": ""14"", ""format"": ""14-34"", ""length"": ""34""}",66,30
91636046-2652-48e4-bf82-5409418cef04,"{""size"": ""44"", ""format"": ""44""}","{""size"": ""XXL"", ""format"": ""XXL""}","{""size"": ""16"", ""format"": ""16""}",85,31
c7abed59-b759-4d79-960c-592f4af3641b,"{""size"": ""16"", ""format"": ""44-28"", ""length"": ""28""}","{""size"": ""XXL"", ""format"": ""XXL-28"", ""length"": ""28""}","{""size"": ""16"", ""format"": ""16-28"", ""length"": ""28""}",71,32
d82cb5e9-d57c-4210-b0f5-71506be81c62,"{""size"": ""16"", ""format"": ""44-30"", ""length"": ""30""}","{""size"": ""XXL"", ""format"": ""XXL-30"", ""length"": ""30""}","{""size"": ""16"", ""format"": ""16-30"", ""length"": ""30""}",74,33
d392c8f5-75a3-43f6-b980-45036175f497,"{""size"": ""16"", ""format"": ""44-32"", ""length"": ""32""}","{""size"": ""XXL"", ""format"": ""XXL-32"", ""length"": ""32""}","{""size"": ""16"", ""format"": ""16-32"", ""length"": ""32""}",77,34
e314f502-4dcd-478a-8ab1-67d58e12e4e5,"{""size"": ""16"", ""format"": ""44-34"", ""length"": ""34""}","{""size"": ""XXL"", ""format"": ""XXL-34"", ""length"": ""34""}","{""size"": ""16"", ""format"": ""16-34"", ""length"": ""34""}",82,35
0a034f85-f04b-44ff-8770-ca2966cf2e0d,"{""size"": ""46"", ""format"": ""46""}","{""size"": ""XXXL"", ""format"": ""XXXL""}","{""size"": ""18"", ""format"": ""18""}",104,36
f5a1d8bb-42ce-4967-9127-8ebda0953820,"{""size"": ""18"", ""format"": ""46-28"", ""length"": ""28""}","{""size"": ""XXXL"", ""format"": ""XXXL-28"", ""length"": ""28""}","{""size"": ""18"", ""format"": ""18-28"", ""length"": ""28""}",87,37
135e0db0-c7c0-41e7-8031-9ec12dd83782,"{""size"": ""18"", ""format"": ""46-30"", ""length"": ""30""}","{""size"": ""XXXL"", ""format"": ""XXXL-30"", ""length"": ""30""}","{""size"": ""18"", ""format"": ""18-30"", ""length"": ""30""}",90,38
58af67cd-deaf-4664-bb22-96db2833ae10,"{""size"": ""18"", ""format"": ""46-32"", ""length"": ""32""}","{""size"": ""XXXL"", ""format"": ""XXXL-32"", ""length"": ""32""}","{""size"": ""18"", ""format"": ""18-32"", ""length"": ""32""}",96,39
e1015ec7-56e3-4978-9976-b6e5f37fc9eb,"{""size"": ""18"", ""format"": ""46-34"", ""length"": ""34""}","{""size"": ""XXXL"", ""format"": ""XXXL-34"", ""length"": ""34""}","{""size"": ""18"", ""format"": ""18-34"", ""length"": ""34""}",99,40
2a00b162-01e4-4b28-a37e-78bcd62bf792,"{""size"": ""48"", ""format"": ""48""}","{""size"": ""X4XL"", ""format"": ""X4XL""}","{""size"": ""20"", ""format"": ""20""}",119,41
51bfe9e0-fdb5-4a96-8a0e-557d8aeceb52,"{""size"": ""20"", ""format"": ""48-28"", ""length"": ""28""}","{""size"": ""X4XL"", ""format"": ""X4XL-28"", ""length"": ""28""}","{""size"": ""20"", ""format"": ""20-28"", ""length"": ""28""}",105,42
581a6de4-71bc-4707-b85c-457bcd6f389b,"{""size"": ""20"", ""format"": ""48-30"", ""length"": ""30""}","{""size"": ""X4XL"", ""format"": ""X4XL-30"", ""length"": ""30""}","{""size"": ""20"", ""format"": ""20-30"", ""length"": ""30""}",107,43
ee055522-c697-41e5-b548-1aea1940319d,"{""size"": ""20"", ""format"": ""48-32"", ""length"": ""32""}","{""size"": ""X4XL"", ""format"": ""X4XL-32"", ""length"": ""32""}","{""size"": ""20"", ""format"": ""20-32"", ""length"": ""32""}",111,44
25a5f6b0-8e9c-4fbb-ab49-e10742345cf3,"{""size"": ""20"", ""format"": ""48-34"", ""length"": ""34""}","{""size"": ""X4XL"", ""format"": ""X4XL-34"", ""length"": ""34""}","{""size"": ""20"", ""format"": ""20-34"", ""length"": ""34""}",114,45
a778e8f9-9911-490f-a927-f16c68cd7850,"{""size"": ""35"", ""format"": ""35""}","{""size"": ""35"", ""format"": ""35""}","{""size"": ""2"", ""format"": ""2""}",3,46
0590c84c-16be-45ba-a0b1-145a0e0ddad0,"{""size"": ""36"", ""format"": ""36""}","{""size"": ""36"", ""format"": ""36""}","{""size"": ""3"", ""format"": ""3""}",8,47
357360b2-e7b1-42cd-8646-56fddb54bfba,"{""size"": ""37"", ""format"": ""37""}","{""size"": ""37"", ""format"": ""37""}","{""size"": ""4"", ""format"": ""4""}",13,48
3e80264b-0b3f-46bc-8306-b7b1111fa290,"{""size"": ""38"", ""format"": ""38""}","{""size"": ""38"", ""format"": ""38""}","{""size"": ""5"", ""format"": ""5""}",25,49
a0075c33-c4b7-4430-b27f-c00311e958ec,"{""size"": ""39"", ""format"": ""39""}","{""size"": ""39"", ""format"": ""39""}","{""size"": ""6"", ""format"": ""6""}",39,50
49000740-eadb-4d80-bd98-4f3131b9aa4b,"{""size"": ""40"", ""format"": ""40""}","{""size"": ""40"", ""format"": ""40""}","{""size"": ""7"", ""format"": ""7""}",52,51
076292b8-d5cf-4c19-8035-b6a0e20b16de,"{""size"": ""41"", ""format"": ""41""}","{""size"": ""41"", ""format"": ""41""}","{""size"": ""8"", ""format"": ""8""}",70,52
8f648d5e-896e-4891-9c4d-996277f1d1b4,"{""size"": ""42"", ""format"": ""42""}","{""size"": ""42"", ""format"": ""42""}","{""size"": ""9"", ""format"": ""9""}",86,53
d0447338-569e-4bc4-bfcf-12cbbe1e277c,"{""cup"": ""A"", ""format"": ""80A"", ""contour"": ""80""}","{""cup"": ""A"", ""format"": ""80A"", ""contour"": ""80""}","{""cup"": ""A"", ""format"": ""30A"", ""contour"": ""30""}",1,54
047571dc-38c3-46bb-93a4-0de0577079be,"{""cup"": ""A"", ""format"": ""85A"", ""contour"": ""85""}","{""cup"": ""A"", ""format"": ""85A"", ""contour"": ""85""}","{""cup"": ""A"", ""format"": ""32A"", ""contour"": ""32""}",4,55
9a2af72c-a181-43ae-9dbd-6fcb7a77245e,"{""cup"": ""A"", ""format"": ""90A"", ""contour"": ""90""}","{""cup"": ""A"", ""format"": ""90A"", ""contour"": ""90""}","{""cup"": ""A"", ""format"": ""34A"", ""contour"": ""34""}",14,56
94e12281-ec80-44ce-97c0-e12f3356c8c2,"{""cup"": ""A"", ""format"": ""95A"", ""contour"": ""95""}","{""cup"": ""A"", ""format"": ""95A"", ""contour"": ""95""}","{""cup"": ""A"", ""format"": ""36A"", ""contour"": ""36""}",26,57
24985d00-f0e3-4d09-9575-da8e02e4fece,"{""cup"": ""A"", ""format"": ""100A"", ""contour"": ""100""}","{""cup"": ""A"", ""format"": ""100A"", ""contour"": ""100""}","{""cup"": ""A"", ""format"": ""38A"", ""contour"": ""38""}",40,58
38fbd85f-cff3-4a55-b15f-dc945319a427,"{""cup"": ""A"", ""format"": ""105A"", ""contour"": ""105""}","{""cup"": ""A"", ""format"": ""105A"", ""contour"": ""105""}","{""cup"": ""A"", ""format"": ""40A"", ""contour"": ""40""}",55,59
444075f5-a601-4ed7-a333-399c50094fd2,"{""cup"": ""A"", ""format"": ""110A"", ""contour"": ""110""}","{""cup"": ""A"", ""format"": ""110A"", ""contour"": ""110""}","{""cup"": ""A"", ""format"": ""42A"", ""contour"": ""42""}",72,60
b2a37487-8ab6-4f2e-9ba3-5dcfc210f59b,"{""cup"": ""A"", ""format"": ""115A"", ""contour"": ""115""}","{""cup"": ""A"", ""format"": ""115A"", ""contour"": ""115""}","{""cup"": ""A"", ""format"": ""44A"", ""contour"": ""44""}",88,61
b71ff2ac-b154-42f0-bab9-1b2edfc3b82a,"{""cup"": ""A"", ""format"": ""120A"", ""contour"": ""120""}","{""cup"": ""A"", ""format"": ""120A"", ""contour"": ""120""}","{""cup"": ""A"", ""format"": ""46A"", ""contour"": ""46""}",106,62
796b902c-3d16-4d0e-b725-19f6a757450f,"{""cup"": ""B"", ""format"": ""80B"", ""contour"": ""80""}","{""cup"": ""B"", ""format"": ""80B"", ""contour"": ""80""}","{""cup"": ""B"", ""format"": ""30B"", ""contour"": ""30""}",6,63
9e8702d2-b230-43a3-ab21-f5f68dd76e21,"{""cup"": ""B"", ""format"": ""85B"", ""contour"": ""85""}","{""cup"": ""B"", ""format"": ""85B"", ""contour"": ""85""}","{""cup"": ""B"", ""format"": ""32B"", ""contour"": ""32""}",10,64
e9b3e9ff-ff65-4e4d-b1af-aad98b0681c0,"{""cup"": ""B"", ""format"": ""90B"", ""contour"": ""90""}","{""cup"": ""B"", ""format"": ""90B"", ""contour"": ""90""}","{""cup"": ""B"", ""format"": ""34B"", ""contour"": ""34""}",18,65
dd393b57-915e-41a0-a5d5-9f704528a95f,"{""cup"": ""B"", ""format"": ""95B"", ""contour"": ""95""}","{""cup"": ""B"", ""format"": ""95B"", ""contour"": ""95""}","{""cup"": ""B"", ""format"": ""36B"", ""contour"": ""36""}",30,66
7fdbcd55-d746-44a5-af52-e2da7916ad2a,"{""cup"": ""B"", ""format"": ""100B"", ""contour"": ""100""}","{""cup"": ""B"", ""format"": ""100B"", ""contour"": ""100""}","{""cup"": ""B"", ""format"": ""38B"", ""contour"": ""38""}",43,67
ce8076a6-2b38-414f-b687-b15a8b1bb3c0,"{""cup"": ""B"", ""format"": ""105B"", ""contour"": ""105""}","{""cup"": ""B"", ""format"": ""105B"", ""contour"": ""105""}","{""cup"": ""B"", ""format"": ""40B"", ""contour"": ""40""}",60,68
4c4a59ce-4bc0-4281-b385-069ee71ab252,"{""cup"": ""B"", ""format"": ""110B"", ""contour"": ""110""}","{""cup"": ""B"", ""format"": ""110B"", ""contour"": ""110""}","{""cup"": ""B"", ""format"": ""42B"", ""contour"": ""42""}",75,69
71d65c0e-102d-4355-95cb-0baadbe369c6,"{""cup"": ""B"", ""format"": ""115B"", ""contour"": ""115""}","{""cup"": ""B"", ""format"": ""115B"", ""contour"": ""115""}","{""cup"": ""B"", ""format"": ""44B"", ""contour"": ""44""}",91,70
076714a0-2f4b-43f3-aa03-58f2d07e4e43,"{""cup"": ""B"", ""format"": ""120B"", ""contour"": ""120""}","{""cup"": ""B"", ""format"": ""120B"", ""contour"": ""120""}","{""cup"": ""B"", ""format"": ""46B"", ""contour"": ""46""}",108,71
b5dadbdd-69d3-4b35-aeac-a5c50d52aa4a,"{""cup"": ""C"", ""format"": ""80C"", ""contour"": ""80""}","{""cup"": ""C"", ""format"": ""80C"", ""contour"": ""80""}","{""cup"": ""C"", ""format"": ""30C"", ""contour"": ""30""}",15,72
fdeafeb2-f610-4606-9805-751455114ade,"{""cup"": ""C"", ""format"": ""85C"", ""contour"": ""85""}","{""cup"": ""C"", ""format"": ""85C"", ""contour"": ""85""}","{""cup"": ""C"", ""format"": ""32C"", ""contour"": ""32""}",19,73
f1b0a55a-caa5-4e0c-aa3d-b63583a91fc8,"{""cup"": ""C"", ""format"": ""90C"", ""contour"": ""90""}","{""cup"": ""C"", ""format"": ""90C"", ""contour"": ""90""}","{""cup"": ""C"", ""format"": ""34C"", ""contour"": ""34""}",22,74
5a7990da-40b7-4f34-a925-1eed95dc1295,"{""cup"": ""C"", ""format"": ""95C"", ""contour"": ""95""}","{""cup"": ""C"", ""format"": ""95C"", ""contour"": ""95""}","{""cup"": ""C"", ""format"": ""36C"", ""contour"": ""36""}",34,75
3de1ffcf-8fc5-46ff-8ef7-3d8f3892bf8d,"{""cup"": ""C"", ""format"": ""100C"", ""contour"": ""100""}","{""cup"": ""C"", ""format"": ""100C"", ""contour"": ""100""}","{""cup"": ""C"", ""format"": ""38C"", ""contour"": ""38""}",49,76
15b6eeec-c140-4ae0-b276-5dec16199557,"{""cup"": ""C"", ""format"": ""105C"", ""contour"": ""105""}","{""cup"": ""C"", ""format"": ""105C"", ""contour"": ""105""}","{""cup"": ""C"", ""format"": ""40C"", ""contour"": ""40""}",63,77
ea6003f2-3c99-45fc-914d-9bf315f1ffef,"{""cup"": ""C"", ""format"": ""110C"", ""contour"": ""110""}","{""cup"": ""C"", ""format"": ""110C"", ""contour"": ""110""}","{""cup"": ""C"", ""format"": ""42C"", ""contour"": ""42""}",78,78
c035a83c-6527-48f5-8bd4-d47a1bd5d648,"{""cup"": ""C"", ""format"": ""115C"", ""contour"": ""115""}","{""cup"": ""C"", ""format"": ""115C"", ""contour"": ""115""}","{""cup"": ""C"", ""format"": ""44C"", ""contour"": ""44""}",97,79
7b21f9ac-fd69-4c09-882d-eeb2653d5f6e,"{""cup"": ""C"", ""format"": ""120C"", ""contour"": ""120""}","{""cup"": ""C"", ""format"": ""120C"", ""contour"": ""120""}","{""cup"": ""C"", ""format"": ""46C"", ""contour"": ""46""}",112,80
58c95929-225d-421b-b7fd-54dadb888d30,"{""cup"": ""D"", ""format"": ""80D"", ""contour"": ""80""}","{""cup"": ""D"", ""format"": ""80D"", ""contour"": ""80""}","{""cup"": ""D"", ""format"": ""30D"", ""contour"": ""30""}",27,81
8a00403d-aa8c-4b84-a694-6c473d2902f7,"{""cup"": ""D"", ""format"": ""85D"", ""contour"": ""85""}","{""cup"": ""D"", ""format"": ""85D"", ""contour"": ""85""}","{""cup"": ""D"", ""format"": ""32D"", ""contour"": ""32""}",31,82
733dd707-3a23-4987-b1fe-46e71f364a57,"{""cup"": ""D"", ""format"": ""90D"", ""contour"": ""90""}","{""cup"": ""D"", ""format"": ""90D"", ""contour"": ""90""}","{""cup"": ""D"", ""format"": ""34D"", ""contour"": ""34""}",35,83
a013f557-71c5-4098-99b1-ec8cf1bae6c4,"{""cup"": ""D"", ""format"": ""95D"", ""contour"": ""95""}","{""cup"": ""D"", ""format"": ""95D"", ""contour"": ""95""}","{""cup"": ""D"", ""format"": ""36D"", ""contour"": ""36""}",47,84
047d673f-4e11-491c-a883-e9e304d16153,"{""cup"": ""D"", ""format"": ""100D"", ""contour"": ""100""}","{""cup"": ""D"", ""format"": ""100D"", ""contour"": ""100""}","{""cup"": ""D"", ""format"": ""38D"", ""contour"": ""38""}",56,85
56261f48-aef1-47c4-9083-848b6d6af0f8,"{""cup"": ""D"", ""format"": ""105D"", ""contour"": ""105""}","{""cup"": ""D"", ""format"": ""105D"", ""contour"": ""105""}","{""cup"": ""D"", ""format"": ""40D"", ""contour"": ""40""}",67,86
62ca379b-05ed-492b-a20d-9ebc7b9a4be1,"{""cup"": ""D"", ""format"": ""110D"", ""contour"": ""110""}","{""cup"": ""D"", ""format"": ""110D"", ""contour"": ""110""}","{""cup"": ""D"", ""format"": ""42D"", ""contour"": ""42""}",83,87
70ca3166-850c-49e0-9a2c-c9c50928902d,"{""cup"": ""D"", ""format"": ""115D"", ""contour"": ""115""}","{""cup"": ""D"", ""format"": ""115D"", ""contour"": ""115""}","{""cup"": ""D"", ""format"": ""44D"", ""contour"": ""44""}",100,88
3f95bcfd-eb69-4d64-abcd-0f4656857875,"{""cup"": ""D"", ""format"": ""120D"", ""contour"": ""120""}","{""cup"": ""D"", ""format"": ""120D"", ""contour"": ""120""}","{""cup"": ""D"", ""format"": ""46D"", ""contour"": ""46""}",115,89
a5adb726-8a0d-489e-ab04-ebbdd333c79b,"{""cup"": ""DD"", ""format"": ""80DD"", ""contour"": ""80""}","{""cup"": ""DD"", ""format"": ""80DD"", ""contour"": ""80""}","{""cup"": ""DD"", ""format"": ""30DD"", ""contour"": ""30""}",41,90
4757258f-4d64-42cf-8e44-4d88e1f22ebd,"{""cup"": ""DD"", ""format"": ""85DD"", ""contour"": ""85""}","{""cup"": ""DD"", ""format"": ""85DD"", ""contour"": ""85""}","{""cup"": ""DD"", ""format"": ""32DD"", ""contour"": ""32""}",45,91
61124536-4f8b-49eb-ab0f-533be7c2d521,"{""cup"": ""DD"", ""format"": ""90DD"", ""contour"": ""90""}","{""cup"": ""DD"", ""format"": ""90DD"", ""contour"": ""90""}","{""cup"": ""DD"", ""format"": ""34DD"", ""contour"": ""34""}",50,92
94a0715a-27ff-4a21-b468-f39f98671831,"{""cup"": ""DD"", ""format"": ""95DD"", ""contour"": ""95""}","{""cup"": ""DD"", ""format"": ""95DD"", ""contour"": ""95""}","{""cup"": ""DD"", ""format"": ""36DD"", ""contour"": ""36""}",57,93
f5fc7f8a-d469-4c96-944f-ed7e98c62eae,"{""cup"": ""DD"", ""format"": ""100DD"", ""contour"": ""100""}","{""cup"": ""DD"", ""format"": ""100DD"", ""contour"": ""100""}","{""cup"": ""DD"", ""format"": ""38DD"", ""contour"": ""38""}",65,94
3bc46442-fad6-4696-8954-3a5f544f7aae,"{""cup"": ""DD"", ""format"": ""105DD"", ""contour"": ""105""}","{""cup"": ""DD"", ""format"": ""105DD"", ""contour"": ""105""}","{""cup"": ""DD"", ""format"": ""40DD"", ""contour"": ""40""}",80,95
338efac3-07ed-4743-9a5b-749070d6fdbe,"{""cup"": ""DD"", ""format"": ""110DD"", ""contour"": ""110""}","{""cup"": ""DD"", ""format"": ""110DD"", ""contour"": ""110""}","{""cup"": ""DD"", ""format"": ""42DD"", ""contour"": ""42""}",94,96
f2620ffc-fbeb-4453-a040-4201b5360daa,"{""cup"": ""DD"", ""format"": ""115DD"", ""contour"": ""115""}","{""cup"": ""DD"", ""format"": ""115DD"", ""contour"": ""115""}","{""cup"": ""DD"", ""format"": ""44DD"", ""contour"": ""44""}",109,97
1a141849-e45a-4b54-b9bc-c40c39e4b591,"{""cup"": ""DD"", ""format"": ""120DD"", ""contour"": ""120""}","{""cup"": ""DD"", ""format"": ""120DD"", ""contour"": ""120""}","{""cup"": ""DD"", ""format"": ""46DD"", ""contour"": ""46""}",118,98
7df88658-4f7c-4f9d-b08e-20e30cf783da,"{""cup"": ""E"", ""format"": ""80E"", ""contour"": ""80""}","{""cup"": ""E"", ""format"": ""80E"", ""contour"": ""80""}","{""cup"": ""E"", ""format"": ""30E"", ""contour"": ""30""}",58,99
faac6c45-87fa-49e4-bc7b-87dcbd89d3df,"{""cup"": ""E"", ""format"": ""85E"", ""contour"": ""85""}","{""cup"": ""E"", ""format"": ""85E"", ""contour"": ""85""}","{""cup"": ""E"", ""format"": ""32E"", ""contour"": ""32""}",61,100
fee24791-68a1-48ff-899b-871c5b6c3c35,"{""cup"": ""E"", ""format"": ""90E"", ""contour"": ""90""}","{""cup"": ""E"", ""format"": ""90E"", ""contour"": ""90""}","{""cup"": ""E"", ""format"": ""34E"", ""contour"": ""34""}",64,101
9d93ad58-2253-42c4-84a3-8eb2fb6a9b8f,"{""cup"": ""E"", ""format"": ""95E"", ""contour"": ""95""}","{""cup"": ""E"", ""format"": ""95E"", ""contour"": ""95""}","{""cup"": ""E"", ""format"": ""36E"", ""contour"": ""36""}",68,102
96a844af-0b51-4c4e-9ab5-6c8e5b15431b,"{""cup"": ""E"", ""format"": ""100E"", ""contour"": ""100""}","{""cup"": ""E"", ""format"": ""100E"", ""contour"": ""100""}","{""cup"": ""E"", ""format"": ""38E"", ""contour"": ""38""}",81,103
157523d6-4868-4b5a-9e6d-544373baf185,"{""cup"": ""E"", ""format"": ""105E"", ""contour"": ""105""}","{""cup"": ""E"", ""format"": ""105E"", ""contour"": ""105""}","{""cup"": ""E"", ""format"": ""40E"", ""contour"": ""40""}",92,104
2ddfa836-2684-416b-91fa-fc9140505e71,"{""cup"": ""E"", ""format"": ""110E"", ""contour"": ""110""}","{""cup"": ""E"", ""format"": ""110E"", ""contour"": ""110""}","{""cup"": ""E"", ""format"": ""42E"", ""contour"": ""42""}",102,105
336053f7-5a4f-4e89-a6c2-3a417eb9ce03,"{""cup"": ""E"", ""format"": ""115E"", ""contour"": ""115""}","{""cup"": ""E"", ""format"": ""115E"", ""contour"": ""115""}","{""cup"": ""E"", ""format"": ""44E"", ""contour"": ""44""}",116,106
6df1314d-6a70-4aa0-bb4d-0e3d0b147f1f,"{""cup"": ""E"", ""format"": ""120E"", ""contour"": ""120""}","{""cup"": ""E"", ""format"": ""120E"", ""contour"": ""120""}","{""cup"": ""E"", ""format"": ""46E"", ""contour"": ""46""}",122,107
8cd87374-fa07-4ad0-b5be-68c5bcaa7d5d,"{""cup"": ""F"", ""format"": ""80F"", ""contour"": ""80""}","{""cup"": ""F"", ""format"": ""80F"", ""contour"": ""80""}","{""cup"": ""F"", ""format"": ""30F"", ""contour"": ""30""}",73,108
6bf66f18-a23c-4825-ae40-83082af2d301,"{""cup"": ""F"", ""format"": ""85F"", ""contour"": ""85""}","{""cup"": ""F"", ""format"": ""85F"", ""contour"": ""85""}","{""cup"": ""F"", ""format"": ""32F"", ""contour"": ""32""}",76,109
75a4fb31-2714-4edf-87a9-5089e0990a5e,"{""cup"": ""F"", ""format"": ""90F"", ""contour"": ""90""}","{""cup"": ""F"", ""format"": ""90F"", ""contour"": ""90""}","{""cup"": ""F"", ""format"": ""34F"", ""contour"": ""34""}",79,110
fcab98e5-8a8d-4bc9-a4a3-f0643743cbe8,"{""cup"": ""F"", ""format"": ""95F"", ""contour"": ""95""}","{""cup"": ""F"", ""format"": ""95F"", ""contour"": ""95""}","{""cup"": ""F"", ""format"": ""36F"", ""contour"": ""36""}",84,111
679168c3-4f0c-4cef-ae6a-a67624fbe944,"{""cup"": ""F"", ""format"": ""100F"", ""contour"": ""100""}","{""cup"": ""F"", ""format"": ""100F"", ""contour"": ""100""}","{""cup"": ""F"", ""format"": ""38F"", ""contour"": ""38""}",95,112
50f9e5cf-4009-4af0-a38b-9e23b369ab38,"{""cup"": ""F"", ""format"": ""105F"", ""contour"": ""105""}","{""cup"": ""F"", ""format"": ""105F"", ""contour"": ""105""}","{""cup"": ""F"", ""format"": ""40F"", ""contour"": ""40""}",103,113
88dfd8b7-a650-4bd7-a365-4eaeea8985a9,"{""cup"": ""F"", ""format"": ""110F"", ""contour"": ""110""}","{""cup"": ""F"", ""format"": ""110F"", ""contour"": ""110""}","{""cup"": ""F"", ""format"": ""42F"", ""contour"": ""42""}",113,114
d80fa428-8f2a-475b-aa90-c0ba4b17b56e,"{""cup"": ""F"", ""format"": ""115F"", ""contour"": ""115""}","{""cup"": ""F"", ""format"": ""115F"", ""contour"": ""115""}","{""cup"": ""F"", ""format"": ""44F"", ""contour"": ""44""}",120,115
f5286bc8-8cba-4758-a95a-71a3d22f97d1,"{""cup"": ""F"", ""format"": ""120F"", ""contour"": ""120""}","{""cup"": ""F"", ""format"": ""120F"", ""contour"": ""120""}","{""cup"": ""F"", ""format"": ""46F"", ""contour"": ""46""}",124,116
65e655e4-5f9a-4d7c-a2ef-5de6ee065686,"{""cup"": ""FF"", ""format"": ""80FF"", ""contour"": ""80""}","{""cup"": ""FF"", ""format"": ""80FF"", ""contour"": ""80""}","{""cup"": ""FF"", ""format"": ""30FF"", ""contour"": ""30""}",89,117
d4f47768-d1e1-475e-8716-08d135ec6062,"{""cup"": ""FF"", ""format"": ""85FF"", ""contour"": ""85""}","{""cup"": ""FF"", ""format"": ""85FF"", ""contour"": ""85""}","{""cup"": ""FF"", ""format"": ""32FF"", ""contour"": ""32""}",93,118
2934e05c-b434-40e3-9fd6-b4741cad1e89,"{""cup"": ""FF"", ""format"": ""90FF"", ""contour"": ""90""}","{""cup"": ""FF"", ""format"": ""90FF"", ""contour"": ""90""}","{""cup"": ""FF"", ""format"": ""34FF"", ""contour"": ""34""}",98,119
90965330-1d2c-48d5-b82e-4611ecf40495,"{""cup"": ""FF"", ""format"": ""95FF"", ""contour"": ""95""}","{""cup"": ""FF"", ""format"": ""95FF"", ""contour"": ""95""}","{""cup"": ""FF"", ""format"": ""36FF"", ""contour"": ""36""}",101,120
cddbbb0a-63a6-4369-99d7-babdb0c531c2,"{""cup"": ""FF"", ""format"": ""100FF"", ""contour"": ""100""}","{""cup"": ""FF"", ""format"": ""100FF"", ""contour"": ""100""}","{""cup"": ""FF"", ""format"": ""38FF"", ""contour"": ""38""}",110,121
9e92b1df-e4d8-4b97-b124-ff473d6ac040,"{""cup"": ""FF"", ""format"": ""105FF"", ""contour"": ""105""}","{""cup"": ""FF"", ""format"": ""105FF"", ""contour"": ""105""}","{""cup"": ""FF"", ""format"": ""40FF"", ""contour"": ""40""}",117,122
7eae3fe3-3393-4e49-ace3-883549667458,"{""cup"": ""FF"", ""format"": ""110FF"", ""contour"": ""110""}","{""cup"": ""FF"", ""format"": ""110FF"", ""contour"": ""110""}","{""cup"": ""FF"", ""format"": ""42FF"", ""contour"": ""42""}",121,123
b020c977-ee85-4dbc-924b-099de822766e,"{""cup"": ""FF"", ""format"": ""115FF"", ""contour"": ""115""}","{""cup"": ""FF"", ""format"": ""115FF"", ""contour"": ""115""}","{""cup"": ""FF"", ""format"": ""44FF"", ""contour"": ""44""}",123,124
6b8ecc91-8002-474e-ab95-95e4ea89a146,"{""cup"": ""FF"", ""format"": ""120FF"", ""contour"": ""120""}","{""cup"": ""FF"", ""format"": ""120FF"", ""contour"": ""120""}","{""cup"": ""FF"", ""format"": ""46FF"", ""contour"": ""46""}",125,125
